discovery_key,query_interval_start,canonical_url,title,publisher,published_at,partner_slot,body_sha256,artifact_key,manual_date_ok,manual_korean_ok,manual_extraction_ok,manual_direct_relevance,manual_partner_valid,notes
gdelt-webngrams:da085bbd1fd396c53dc5159f9cd57ded9a94b8c442b05e31ad30b067da6ee9ae,2026-07-26T00:00:00Z,https://www.ddaily.co.kr//page/view/2026073017002567015,"배재규 “개별종목 레버리지, 하지 않는 게 최선…점진적으로 줄여야”",디지털데일리,2026-07-30,,ec1a09e5e1f1e0440d5138bdf9eb300cd57fd63f28274d6f5c1968047b33b56e,bodies/ec1a09e5e1f1e0440d5138bdf9eb300cd57fd63f28274d6f5c1968047b33b56e.txt.gz,yes,yes,yes,yes,na,
gdelt-webngrams:8dbe578c7b015198d3cf9da6157dfaa0b856f241d317bda3e8ae541aa35a017a,2026-07-11T00:00:00Z,https://www.kmib.co.kr/article/view.asp?arcid=1784272388,최태원 “현재 AI ‘4살짜리 아이’ 수준… 메모리 계속 필요”,국민일보,2026-07-17,,788580c84a9d2018710db9f74a52685608d7915751cd43a5f6fc26923e26b2ea,bodies/788580c84a9d2018710db9f74a52685608d7915751cd43a5f6fc26923e26b2ea.txt.gz,yes,yes,yes,yes,na,
gdelt-webngrams:306714b9d7c569ad8c522be4414e84fe9ef37f82d9fd892612dffd47fb21708c,2026-06-26T00:00:00Z,https://www.fnnews.com/news/202607011205416504,"호남반도체 공장 윤곽 나왔지만…삼전·닉스, 구체적 입지는 아직 '신중모드'",파이낸셜뉴스,2026-07-01,,9465c656f8285d77b00e0feeb6da69103136c03c560f9e38001f5e0185050a20,bodies/9465c656f8285d77b00e0feeb6da69103136c03c560f9e38001f5e0185050a20.txt.gz,yes,yes,yes,yes,na,
gdelt-webngrams:56205b081d1478b07638bdd1597941c7377ebf5bd1c1089ec77a1468adc6e226,2026-07-11T00:00:00Z,https://www.fnnews.com/news/202607161039202313,삼전·닉스 주가보다 더 흔들린 단일종목 레버리지…인버스도 40%대 손실,파이낸셜뉴스,2026-07-16,,8459561d7fae48c0f9d6dd0c1006f1868a99fc6bd0d98a3551f5d428af37e7e5,bodies/8459561d7fae48c0f9d6dd0c1006f1868a99fc6bd0d98a3551f5d428af37e7e5.txt.gz,yes,yes,yes,yes,na,
gdelt-webngrams:9850c23d1be39bdf74fd6f3d40bac4fc183421c24ee82fd1783edb225c1e710b,2026-07-11T00:00:00Z,https://www.newstomato.com/readnews.aspx?no=1307088,(레버리지의 역습)①2배 꿈꿨지만 현실은 '오징어게임'…'음의 복리'에 투자자 비명,NewsTomato,2026-07-14,,11cda4c2a6117742fef6eb7f851da0c78c81f265232e92e9fcfd7b14f4bcaa8b,bodies/11cda4c2a6117742fef6eb7f851da0c78c81f265232e92e9fcfd7b14f4bcaa8b.txt.gz,yes,yes,yes,yes,na,
gdelt-webngrams:4c145426da45897833fc351b6eff8685d20a58bebfbe41a2a6588521b4ff4b19,2026-08-10T00:00:00Z,https://biz.heraldcorp.com/article/10841795,"“‘삼전닉스’는 알겠는데” 국민연금이 싹쓸이한 ‘이 주식’…40→7위, 껑충 뛰었다[투자360]",헤럴드경제,2026-08-16,,f2bd94cf18de55a6a4cc2f5ce7879f37982ff5c77def6307ce25876ae1698af3,bodies/f2bd94cf18de55a6a4cc2f5ce7879f37982ff5c77def6307ce25876ae1698af3.txt.gz,yes,yes,yes,yes,na,
gdelt-webngrams:97d43f674c6d177f60767556cac7178594603bdd467849658354abdba74c6dc5,2026-08-25T00:00:00Z,https://newsway.co.kr/news/view?ud=2026082613380913225,150조 주주환원에 오너들도 웃는다···이재용·최태원 배당 셈법은 달랐다 - 뉴스웨이,뉴스웨이,2026-08-26,,2954ada7557a92e4281504a8a01af02e70a5755331c0636d7d6f4f3d45ff91e1,bodies/2954ada7557a92e4281504a8a01af02e70a5755331c0636d7d6f4f3d45ff91e1.txt.gz,yes,yes,yes,yes,na,
gdelt-webngrams:d565603658af0f86fa67cb9f45b7e832654256f97079981f53a9fa1b8f7ded27,2026-08-10T00:00:00Z,https://www.etoday.co.kr/news/view/2613330,삼전·SK하닉 목표가는 주가의 두 배…반도체 전망과 시장 온도차,ETODAY,2026-08-11,,7f03088c6eff0b8d26a0a0f08572ea0cf674d88816d1a4eedd31446c798a9f26,bodies/7f03088c6eff0b8d26a0a0f08572ea0cf674d88816d1a4eedd31446c798a9f26.txt.gz,yes,yes,yes,yes,na,
gdelt-webngrams:8c9840536e513933e62bd0d4498cf10a6dedeba87f2be92d2bfef044df870206,2026-07-26T00:00:00Z,https://www.edaily.co.kr/News/Read?mediaCodeNo=257&newsId=01403846645520096,슈퍼사이클VS과잉…삼성·SK하닉 향한 글로벌 시각은,EDAILY,2026-07-31,,2eafd55cf14b0aae3171a6bd1f1660824dff43a74e4b603fd7448b07413a1a4d,bodies/2eafd55cf14b0aae3171a6bd1f1660824dff43a74e4b603fd7448b07413a1a4d.txt.gz,yes,yes,yes,yes,na,
gdelt-webngrams:7eca0cbf9b04eb97bf0546caeb32cb5c5f737d4731d8bfee05c283af7bda0bff,2026-07-26T00:00:00Z,https://www.edaily.co.kr/News/Read?mediaCodeNo=257&newsId=02013926645518784,"""SK하이닉스 ADR 프리미엄 높아…AI 과열 신호""[뉴스새벽배송]",EDAILY,2026-07-27,,bcded23f31fdb54f95a0c0048730e12611db64a1d15ec5344aa0207cf994655e,bodies/bcded23f31fdb54f95a0c0048730e12611db64a1d15ec5344aa0207cf994655e.txt.gz,yes,yes,yes,yes,na,
gdelt-webngrams:a42c362fe09d8ea19d996a8bc9e50ef1351b38a668b5b8ef528cdcdf4abb2d8d,2026-08-25T00:00:00Z,https://www.munhwa.com/article/11613021,"주식시장 ‘진정’ vs ‘시들’…개미들, 8월 1.7조 내다팔아..단일종목 레버리지 급감",문화일보,2026-08-30,,25c7b5055e33a591358a6f1e092febb7ba835a077187653ae7dbe63d8cc1b12b,bodies/25c7b5055e33a591358a6f1e092febb7ba835a077187653ae7dbe63d8cc1b12b.txt.gz,yes,yes,yes,yes,na,
gdelt-webngrams:6590c7e4e73cf12a4fbd30066075885481db09462a33e08c9b2cf5711c9a06ba,2026-07-11T00:00:00Z,https://www.etoday.co.kr/news/view/2602555,SK하이닉스 ADR상장의 힘…반도체株 약세 딛고 반등 견인,ETODAY,2026-07-12,,22e1023c38faf42b7a9e76dd909dc103491da352fe87af85e5dd9db4ab037072,bodies/22e1023c38faf42b7a9e76dd909dc103491da352fe87af85e5dd9db4ab037072.txt.gz,yes,yes,yes,yes,na,
gdelt-webngrams:b698b9500b95dfadd074d5f485f79e9aaf0c868a2f05c9bc5d8ff1ef15bce48e,2026-07-11T00:00:00Z,https://www.fnnews.com/news/202607110600532545,"삼성전자·SK하이닉스, 올해 年영업익 600조 돌파하나 [반도체 슈퍼 투톱①]",파이낸셜뉴스,2026-07-11,,a84fa332e9fc02de31e58d096770fa6cde5f200ffdd47e43e44f04bb34fd46fc,bodies/a84fa332e9fc02de31e58d096770fa6cde5f200ffdd47e43e44f04bb34fd46fc.txt.gz,yes,yes,yes,yes,na,
gdelt-webngrams:934515a9b03a27cb979814355b315235a85fd2302427e17a8a1362656f3f6e08,2026-07-11T00:00:00Z,https://www.fnnews.com/news/202607230635079191,'삼전·닉스' 주가 롤러코스터…셈법 복잡해지는 개미들,파이낸셜뉴스,2026-07-23,,ff49d036a6c4ecddb9072fe130e790a11f2108b1ba583c8ae3453eebf90bc114,bodies/ff49d036a6c4ecddb9072fe130e790a11f2108b1ba583c8ae3453eebf90bc114.txt.gz,yes,yes,yes,yes,na,
gdelt-webngrams:d0dca245045982bb12cc8861ebc54550e970e3cb33934e845205af3e448fba05,2026-07-26T00:00:00Z,https://www.newsway.co.kr/news/view?ud=2026080310473349317,"실적 부진엔 책임, 저평가엔 자신감···노태문·최태원의 자사주 승부수 - 뉴스웨이",뉴스웨이,2026-08-03,,4a69e06ea671ecc114c014a652228712f209a2a5dc83a4acd183294c2dadcb73,bodies/4a69e06ea671ecc114c014a652228712f209a2a5dc83a4acd183294c2dadcb73.txt.gz,yes,yes,yes,yes,na,
gdelt-webngrams:ff11d87ee620538f46e170864186eb704b59a44d090f8a2800c34ddde68d4466,2026-06-26T00:00:00Z,https://www.wikitree.co.kr/articles/1143387,[속보] 삼성전자·SK하이닉스 나란히 9% 폭락 눈앞… 반도체 투매에 코스피 '휘청',위키트리,2026-06-26,,0f0c524eeb9dd2ec3cd2d852fcd9a55fde345effe05e57cef5696ebc729d8d48,bodies/0f0c524eeb9dd2ec3cd2d852fcd9a55fde345effe05e57cef5696ebc729d8d48.txt.gz,yes,yes,yes,yes,na,
gdelt-webngrams:ac493f51dfb2a3383f7dd0ce04a237aa41a53466d8eedbada865922d4972b761,2026-07-26T00:00:00Z,https://www.fnnews.com/news/202608090815074854,"""성과급 약속 지켜라""…SK하이닉스 통합노조 출범 추진",파이낸셜뉴스,2026-08-09,,b07222a23fea0fe690a1d91458b5ac48633c500367ed7c26880c68e266c1c3d4,bodies/b07222a23fea0fe690a1d91458b5ac48633c500367ed7c26880c68e266c1c3d4.txt.gz,yes,yes,yes,yes,na,
gdelt-webngrams:cd8df6fb786caefac89f1f2f01bfe94245fd6b6b7e02b16526142ab86fdf3cc0,2026-08-10T00:00:00Z,https://biz.heraldcorp.com/article/10837515,"동일토건, 960조 반도체 메가클러스터 품은 ‘용인반도체클러스터 동일하이빌 파크밸리’ 8월 분양",헤럴드경제,2026-08-11,,8255ad163506452d47e0d4117ab41d023f41281bbbf941800f967e63115b041e,bodies/8255ad163506452d47e0d4117ab41d023f41281bbbf941800f967e63115b041e.txt.gz,yes,yes,yes,no,na,부동산 분양 홍보가 주제이며 SK하이닉스는 입지 배경에 그침
gdelt-webngrams:568d644b2afb467fd30425a6a13ba60d5315bf5352a015919607b9dd46581ce7,2026-08-25T00:00:00Z,https://www.heraldk.com/article/2026083018012412470,"[단독] SK하이닉스, 차세대 HBM ‘베이스 다이’ 인텔에도 맡긴다",헤럴드경제 미주판,2026-08-31,intel,d8a984c12f13cca1eff2871e9d1474ddfa7f749d57f84a311af2347efe9a90b2,bodies/d8a984c12f13cca1eff2871e9d1474ddfa7f749d57f84a311af2347efe9a90b2.txt.gz,yes,yes,yes,yes,yes,
gdelt-webngrams:27c431ea2e9a056bae1d8b16791f61f98c9e5f95a1e74ef36f5dea1983a3b30a,2026-08-25T00:00:00Z,https://www.munhwa.com/article/11614304,"전기료 25조 원 선납案, 한전 부실 땜질用이면 곤란하다[사설]",문화일보,2026-09-03,,6b2c5a2100507ee91c36dcd2feaa6dc67e909e346ee45297dc6dcf56d21ff168,bodies/6b2c5a2100507ee91c36dcd2feaa6dc67e909e346ee45297dc6dcf56d21ff168.txt.gz,yes,yes,yes,yes,na,
gdelt-webngrams:1b05d47df09eb35ae40a612cff993718b68e629f6ad9e975ab72563da7d38adc,2026-08-25T00:00:00Z,https://www.insight.co.kr/news/572319,"주주단체, 삼성전자 이사회 경찰 고발... “성과급 배임 공범”",인사이트,2026-09-07,,95d2fbb423b9e4e4689a407cf0de2b5613409d71d8bb34a39b1e0a04e88f5222,bodies/95d2fbb423b9e4e4689a407cf0de2b5613409d71d8bb34a39b1e0a04e88f5222.txt.gz,yes,yes,yes,yes,na,
gdelt-webngrams:b074d64d9f5ced46871fe616d7748dafb1744e4919d1ea789e61f5dfcb8cf2f4,2026-07-11T00:00:00Z,https://www.newsway.co.kr/news/view?ud=2026071608191131268,'2964% 성과급' SK하이닉스···왜 10개월 만에 공식 바꾸나 - 뉴스웨이,뉴스웨이,2026-07-16,,3d8216a612a4707143d3ca06304212fc56c5cc3e346916af829227a497acc491,bodies/3d8216a612a4707143d3ca06304212fc56c5cc3e346916af829227a497acc491.txt.gz,yes,yes,yes,yes,na,
gdelt-webngrams:d272fff6c988912dec5fb2f297cbcbf3d45d307f2e40bbf6d50c3730f5c7e4fd,2026-07-26T00:00:00Z,https://www.fnnews.com/news/202608090601016297,"""반등하면 다 던진다"" SK하닉 개미들 뿔났다…애널 '출입금지설'까지",파이낸셜뉴스,2026-08-09,,b5e8574756a671a8de5a6ae3fa4e9c3daf930ece39ca1eda9b865f0770c94326,bodies/b5e8574756a671a8de5a6ae3fa4e9c3daf930ece39ca1eda9b865f0770c94326.txt.gz,yes,yes,yes,yes,na,
gdelt-webngrams:6f12b62989a4528c17c53c2980dd51ca48b20b29112ea6bee14c7b40db5b9b24,2026-08-25T00:00:00Z,https://www.kmib.co.kr/article/view.asp?arcid=9000006015,“세계에서 가장 미친 주식시장” WSJ…한국 개미들 ‘롤러코스피’에 쓴맛,국민일보,2026-08-25,,11b441c39189292f36a1d8d243c4bc5bc0e2d5671ef8d25f29a038659900f0a3,bodies/11b441c39189292f36a1d8d243c4bc5bc0e2d5671ef8d25f29a038659900f0a3.txt.gz,yes,yes,yes,yes,na,
gdelt-webngrams:7c9121f861841719152a8749d5bd098a7cbacdc2eaba7613f4ce87b879ecf822,2026-08-25T00:00:00Z,https://inews24.com/view/1998661,"中 YMTC ""내년 세계 낸드 1위 목표""…삼성전자·SK하이닉스 추격",아이뉴스24,2026-08-26,,18e78c91b69527cf2806d75fda6520915ffbdd0a0cd1fc1606d42c2cf10e4103,bodies/18e78c91b69527cf2806d75fda6520915ffbdd0a0cd1fc1606d42c2cf10e4103.txt.gz,yes,yes,yes,yes,na,
gdelt-webngrams:3dbfb738482eb1dc35da1a2e0a48316ec37e895972d65a40a0ea87dd1234e989,2026-07-11T00:00:00Z,https://www.huffingtonpost.kr/article/258816,"SK그룹 회장 최태원 AI 성장에 메모리 필수요소 강조 : ""SK하이닉스 주가 우상향할 것, 장기 보유가 유리""",허프포스트코리아,2026-07-17,,9e0c9fc666970ebec09cd6f6b939ffdc18387a5c9d5b2d77f7338265ffb0c176,bodies/9e0c9fc666970ebec09cd6f6b939ffdc18387a5c9d5b2d77f7338265ffb0c176.txt.gz,yes,yes,yes,yes,na,
gdelt-webngrams:fd2f0f1da7af6fa15453d39333f80b4c3a4813e937de09e47eaaaa82b22b3baa,2026-08-25T00:00:00Z,https://www.fnnews.com/news/202608251458427656,"""110조 받는다는데 왜 떨어져""…희비 갈린 삼전닉스 주주들 [개미의 세계]",파이낸셜뉴스,2026-08-26,,418aebe0c7329d452313824ba9f3792b780b5f44421ffb578508d4ac2a484589,bodies/418aebe0c7329d452313824ba9f3792b780b5f44421ffb578508d4ac2a484589.txt.gz,yes,yes,yes,yes,na,
gdelt-webngrams:bb7b6e2fabfc5b39daeb8fe4d1dd4c9ecdebbdbd0925111bc55a1cc130f743ef,2026-08-10T00:00:00Z,https://www.etoday.co.kr/news/view/2613854,"SK하이닉스, 27일 美 인디애나 패키징 공장 착공식",ETODAY,2026-08-12,,033f1c4b53cddde797cd9f32e795862d8aa7cf60357b8bf87d3f341e3dd6fef7,bodies/033f1c4b53cddde797cd9f32e795862d8aa7cf60357b8bf87d3f341e3dd6fef7.txt.gz,yes,yes,yes,yes,na,
gdelt-webngrams:fddaeb8d780a1e1ea2e63ff4f1b13ae8d3179e2fb1463355fb1ea616fa48a295,2026-08-10T00:00:00Z,https://www.newstomato.com/readnews.aspx?no=1311045,반도체 ‘150조’ 메가 주주환원…SK하이닉스에 삼성도 가세,NewsTomato,2026-08-23,,55eb3306ac97dc47de6b70ca813483055c6b71f9af8aecb8355efdee3d759031,bodies/55eb3306ac97dc47de6b70ca813483055c6b71f9af8aecb8355efdee3d759031.txt.gz,yes,yes,yes,yes,na,
gdelt-webngrams:394d0aa31fa8bef731bf741ed69b1079c2189616a89930194c3fe44197ed1928,2026-07-11T00:00:00Z,https://www.kmib.co.kr/article/view.asp?arcid=0030115633,삼성전자는 왜 ‘나스닥行’ 선 긋나…“실탄 많고 리스크는 크다”,국민일보,2026-07-16,,ab00c1fce6960e8c1b5c966329cf16af127d7efa7bc4c433c96dda84f06f7142,bodies/ab00c1fce6960e8c1b5c966329cf16af127d7efa7bc4c433c96dda84f06f7142.txt.gz,yes,yes,yes,yes,na,
gdelt-webngrams:e5330a3eab0a593bf62013546b876cd6e8f4c69054efced7e1e295fc0729cb64,2026-06-26T00:00:00Z,https://biz.heraldcorp.com/article/10799943,호남 반도체 입지 KTX용산~광주송정역 1시간30분대,헤럴드경제,2026-07-06,,8cad4a935a64676e46690af1041c4499b8a71618ebcc499b72db27bc4ef6f516,bodies/8cad4a935a64676e46690af1041c4499b8a71618ebcc499b72db27bc4ef6f516.txt.gz,yes,yes,yes,yes,na,
gdelt-webngrams:81758e61e754ccd2dc5e0881cfbaf029fa6a288faafdf2fe58d27549b9e553f3,2026-08-10T00:00:00Z,https://www.etoday.co.kr/news/view/2617536,지분율 올려야 하는 하닉 vs 지분 넘치면 안 되는 삼전,ETODAY,2026-08-25,,949b7de9bff181f1f2031a705d7fc4fc8648f4754e55b2e192ad4958569be49a,bodies/949b7de9bff181f1f2031a705d7fc4fc8648f4754e55b2e192ad4958569be49a.txt.gz,yes,yes,yes,yes,na,
gdelt-webngrams:8ebfee58306c6b9b174b449ec7a4e3f4bf86eb307efe1971ff114412b85f0c51,2026-07-26T00:00:00Z,https://www.huffingtonpost.kr/article/259103,"곽노정 SK하이닉스 '순현금 100조' 4개월 만에 조기 달성, ""AI 비용 너무 높다""는 최태원 공급 확대 의지에 실행력 더한다",허프포스트코리아,2026-07-29,,64766f463b7e6cc90cf15f7880ca2cfde309efdf279bf66c3060d559225fe892,bodies/64766f463b7e6cc90cf15f7880ca2cfde309efdf279bf66c3060d559225fe892.txt.gz,yes,yes,yes,yes,na,
gdelt-webngrams:f412b64d851829bcedba0f18204b639d1f8e25b46d7a7c04436d961e0ae90bc8,2026-08-10T00:00:00Z,https://www.nspna.com/news/?mode=view&newsid=824460,"[기업실적]SK스퀘어, 2Q 실적 상승… 영업이익 전년比 1273.8%↑",NSP NEWS,2026-08-14,,447e204c0ce408960eef1e5bcaf154fa08083c5a29a6d3ac5225d1c5310938c2,bodies/447e204c0ce408960eef1e5bcaf154fa08083c5a29a6d3ac5225d1c5310938c2.txt.gz,yes,yes,yes,yes,na,
gdelt-webngrams:1ca168872c2afda8780c03f08d4a6e85aeee91dfd87b962f8c2b52d35c90e370,2026-07-11T00:00:00Z,https://www.munhwa.com/article/11604886,“하닉ADR 사는 서학개미? 자멸적 형태”,문화일보,2026-07-24,,f3e60d1ca440f62e62be905718459b3e1801c31a44575e5fab6a09fb7ac76b18,bodies/f3e60d1ca440f62e62be905718459b3e1801c31a44575e5fab6a09fb7ac76b18.txt.gz,yes,yes,yes,yes,na,
gdelt-webngrams:28e8b3cb846e682088dac0f4feb29de18ba24fa7616a03cc7661b1f0ace9639a,2026-08-25T00:00:00Z,https://www.ddaily.co.kr//page/view/2026082616070701979,"“반도체 반등에 6800선 회복”…코스피, 엔비디아 실적 앞두고 1% 상승",디지털데일리,2026-08-26,,8f8af69c62df3b010b46b7dd087c6f38b20d7e1e0481872ed01d7d5180e35d4e,bodies/8f8af69c62df3b010b46b7dd087c6f38b20d7e1e0481872ed01d7d5180e35d4e.txt.gz,yes,yes,yes,no,na,일반 증시 시황이 주제이며 SK하이닉스는 등락 종목 중 하나임
gdelt-webngrams:f46cd521a57017bc8caf479d8dbd847b95afa388b1e11f3865d6b84579eef44a,2026-06-11T00:00:00Z,https://inews24.com/view/1978049,반도체 베테랑 모으는 인텔…이석희 전 SK온 대표 영입,아이뉴스24,2026-06-19,nvidia,3de5bce9f518c34f0282b1528b7210995f83c17784b0d772497d47460eff4822,bodies/3de5bce9f518c34f0282b1528b7210995f83c17784b0d772497d47460eff4822.txt.gz,yes,yes,yes,yes,yes,
gdelt-webngrams:f1faf13dd3994327239af87930e4c2f63139b0a90ef21b5e56bc4a5e166e6aea,2026-08-10T00:00:00Z,https://www.ddaily.co.kr//page/view/2026081114421149690,[DD퇴근] 목표가 200만원 차이나는 SK하이닉스…누구말 믿어야 하나,디지털데일리,2026-08-11,,966eabcc0196d27b369f5446b3cf7f7416685ff9027cce151520009eeb85789b,bodies/966eabcc0196d27b369f5446b3cf7f7416685ff9027cce151520009eeb85789b.txt.gz,yes,yes,yes,yes,na,
gdelt-webngrams:45c86dba8c943f064f264ec3f9da98fb82b0ffbafbf1a87d2bf06d7e898ff122,2026-06-26T00:00:00Z,https://www.edaily.co.kr/News/Read?mediaCodeNo=257&newsId=02863446645511896,"키옥시아 ""몇년 걸리든 1위 탈환"" 삼전닉스에 반격",EDAILY,2026-07-06,,c9131dabfd3fcaa1d407c2e167d0fa95251f87f8e05bdad0bc00cb6613ceac27,bodies/c9131dabfd3fcaa1d407c2e167d0fa95251f87f8e05bdad0bc00cb6613ceac27.txt.gz,yes,yes,yes,yes,na,
gdelt-webngrams:50b2837bb61bbdc3af0c35efed1e58e6db11f135b8b25bf24103e29535782496,2026-06-26T00:00:00Z,https://www.munhwa.com/article/11598693,"국힘 이정현 “호남 반도체, 보수가 먼저 기업투자 환영해야”",문화일보,2026-06-28,,ae76359658f192419d7b3ffb97d7be277ef4aa4b5c88ad579555d5ccdc919cc3,bodies/ae76359658f192419d7b3ffb97d7be277ef4aa4b5c88ad579555d5ccdc919cc3.txt.gz,yes,yes,yes,yes,na,
gdelt-webngrams:77a2a71cdb12922e573b3d8af4993e42611ff6fd8b705bae412024098b663612,2026-06-26T00:00:00Z,https://www.fnnews.com/news/202606301501297594,"李, 광주서 '서남권 첨단산업 비전' 제시…삼성·SK 투자발표 보고회 참석",파이낸셜뉴스,2026-06-30,,99570757577589d4e5c338264257d19014c2fe92a47e5f8ee74cecf21987e75f,bodies/99570757577589d4e5c338264257d19014c2fe92a47e5f8ee74cecf21987e75f.txt.gz,yes,yes,yes,yes,na,
gdelt-webngrams:4ed881c490f550b00e8de73ececdd3d06251f4eb906013449c1e3be5b7d7f8c7,2026-06-26T00:00:00Z,https://www.fnnews.com/news/202607090820073590,환율 37거래일 만에 1400원대 터치…ADR 기대 속 중동 변수 '촉각',파이낸셜뉴스,2026-07-09,,9a9479e28c47b8acdb4f8a517d033976139adfc3ba9d750260812fadb0c50459,bodies/9a9479e28c47b8acdb4f8a517d033976139adfc3ba9d750260812fadb0c50459.txt.gz,yes,yes,yes,yes,na,
gdelt-webngrams:eb8be4f6d44f8446cdf3f6464f321805832fe062d267a880bfdcb83cde28046c,2026-07-26T00:00:00Z,https://www.newspim.com/news/view/20260729000900,"CXMT 도전…SK하이닉스 ""HBM 초격차로 맞불'""",뉴스핌,2026-07-29,,e107562518cd3a2da2228f3f392212625b8e04f7d870fb7027076c62e71b81ca,bodies/e107562518cd3a2da2228f3f392212625b8e04f7d870fb7027076c62e71b81ca.txt.gz,yes,yes,yes,yes,na,
gdelt-webngrams:e143ccd5cf5546dec01fad739eded18a25e20bb355715beba00ac155320122d7,2026-08-25T00:00:00Z,https://www.wikitree.co.kr/articles/1155150,1년 만에 10억 번 부자들…'이 종목' 싹쓸이했다,위키트리,2026-08-26,,f4a846034e5bcaa9a7fd5bc155f615b643bc2e1435572eaeedb926d687b03fe3,bodies/f4a846034e5bcaa9a7fd5bc155f615b643bc2e1435572eaeedb926d687b03fe3.txt.gz,yes,yes,yes,yes,na,
gdelt-webngrams:73f4be52b18b8175b4a8b264e6fec35302746382c25450716c8f8753b4abf452,2026-07-11T00:00:00Z,https://www.newsway.co.kr/news/view?ud=2026072417210042124,"'깐부' 최태원·젠슨 황, 한 달 만에 美서 또 만났다 - 뉴스웨이",뉴스웨이,2026-07-24,,a556a04ac7a02aaa294cfa017521f575101f0345da6e3b1e284cb7b713489c2e,bodies/a556a04ac7a02aaa294cfa017521f575101f0345da6e3b1e284cb7b713489c2e.txt.gz,yes,yes,yes,yes,na,
gdelt-webngrams:a41e8f1dd508c91ddc5255aa73129ca39f14da48b122d98d98f02c76fd229b76,2026-06-26T00:00:00Z,https://www.mt.co.kr/opinion/2026/07/02/2026070115104791037,[사설]메가특구엔 메가특혜 입법 필수다 - 머니투데이,머니투데이,2026-07-02,,8fe48f3f76c5f53370653d1ff2d5a045712b7f3a8a09862479a1f295e387bdc0,bodies/8fe48f3f76c5f53370653d1ff2d5a045712b7f3a8a09862479a1f295e387bdc0.txt.gz,yes,yes,yes,no,na,메가특구 입법 사설이 주제이며 SK하이닉스는 참여 기업 예시에 그침
gdelt-webngrams:d3f58a14f2a2d88febc49de5a0d7d0bbd29178ec53220f235c2f10b86e3ba545,2026-08-25T00:00:00Z,https://www.wikitree.co.kr/articles/1157861,40만 전자·310만 닉스?…'이것' 덕에 목표주가 나란히 올랐다,위키트리,2026-09-07,,5cc7c23076e8d1455be909d9ce79d9ea8d562d90f7c332c2a488b6eeeeb81ad4,bodies/5cc7c23076e8d1455be909d9ce79d9ea8d562d90f7c332c2a488b6eeeeb81ad4.txt.gz,yes,yes,yes,yes,na,
gdelt-webngrams:c0ed719aa011ebf6a6dddb6f86032b70adf4f983b90ba289a619cc241738b4b2,2026-08-10T00:00:00Z,https://www.etoday.co.kr/news/view/2617217,[증시키워드] 삼성전자 주주환원·카카오 인적분할…반도체 수급 안전판 시험대,ETODAY,2026-08-24,,ccc2464b79d18093f15eb6bda7e4ba1cc520caff9ebc32a891919aa1b600ad07,bodies/ccc2464b79d18093f15eb6bda7e4ba1cc520caff9ebc32a891919aa1b600ad07.txt.gz,yes,yes,yes,no,na,주간 증시와 삼성전자·카카오가 주제이며 SK하이닉스는 시세 예시에 그침
gdelt-webngrams:441bec8c455a48499ab184ff898bad6877d4b66d86aa6e0b4f4d5aed37fec0a8,2026-08-25T00:00:00Z,https://www.fnnews.com/news/202608281328398422,"""삼전닉스 무너지면 어쩌려고""…코스피 '빚투' 40% 삼켰다 [증시는 왜]",파이낸셜뉴스,2026-08-28,,145be59f38ed4dd4c90f80c3eae0ccb0e3e4bf8f18b6f1028ea90dfe7098eac9,bodies/145be59f38ed4dd4c90f80c3eae0ccb0e3e4bf8f18b6f1028ea90dfe7098eac9.txt.gz,yes,yes,yes,yes,na,
gdelt-webngrams:0a44ce4cd3e505079ea111b5311a53dc3050f0c11462216d057843fa43ace603,2026-06-26T00:00:00Z,https://biz.heraldcorp.com/article/10789143,"‘마이크론 훈풍’ 반도체 투톱, 합산 분기 영업익 첫 150조 돌파 주목",헤럴드경제,2026-06-26,,3100f66c9960d268edf4cf46783e6975d97d884e5d543512ff56d35062dfda55,bodies/3100f66c9960d268edf4cf46783e6975d97d884e5d543512ff56d35062dfda55.txt.gz,yes,yes,yes,yes,na,
gdelt-webngrams:d90c5d3b3f427d89f48360d92e832d1ebb5a38720dfe91fa52dfcce2f5f888fa,2026-08-25T00:00:00Z,https://www.wikitree.co.kr/articles/1156256,삼전닉스 등 반도체 근로자들이 성과급으로 지른 것들 (한은 보고서),위키트리,2026-08-31,,44f87957b0b8034ddafa814bbd47b34770c1b75a3074ce675379b20f60720a64,bodies/44f87957b0b8034ddafa814bbd47b34770c1b75a3074ce675379b20f60720a64.txt.gz,yes,yes,yes,yes,na,
gdelt-webngrams:80e9a00114b2ef8406c16b885cbf87e32ad299ec649d76283e24f515f37de82a,2026-07-11T00:00:00Z,https://www.newstomato.com/readnews.aspx?no=1307867,대통령도 지켜보는 ‘N% 성과급’ …SK하이닉스 교섭 분수령,NewsTomato,2026-07-22,,6400f5792c46cadd96d77c44bfa7839e1529be29b9ab650682074c7d7da45996,bodies/6400f5792c46cadd96d77c44bfa7839e1529be29b9ab650682074c7d7da45996.txt.gz,yes,yes,yes,yes,na,
gdelt-webngrams:7ca8ec019adc9682832ab7fb611a552083ceb42c88ad5f46965307ba982e787e,2026-07-11T00:00:00Z,https://www.edaily.co.kr/News/Read?mediaCodeNo=257&newsId=03493206645517472,"""너도나도 N%"" 외신, AI 무관 산업도 성과급 요구…韓투자 리스크",EDAILY,2026-07-23,,2a5ac57418328849ddf599548ef3597f86bc818a8bdc8073a8036407f9711294,bodies/2a5ac57418328849ddf599548ef3597f86bc818a8bdc8073a8036407f9711294.txt.gz,yes,yes,yes,yes,na,
gdelt-webngrams:795f3074aa471c7584119688cfee2a8b2d42cbdac72d807af7698281dfe8726f,2026-06-26T00:00:00Z,https://www.etoday.co.kr/news/view/2600121,“삼전ㆍSK하닉 더 오를까”⋯하반기 매수 타이밍은 [찐코노미],ETODAY,2026-07-03,,b3e82223f46a1647cf95a0ca93d8620c0c412afed99ac487527295426ebf5682,bodies/b3e82223f46a1647cf95a0ca93d8620c0c412afed99ac487527295426ebf5682.txt.gz,yes,yes,yes,yes,na,
gdelt-webngrams:a1ccdb95316566b53e4ce438b82d21487a5c35097bb2ace8657f39af1cf21841,2026-07-26T00:00:00Z,https://www.fnnews.com/news/202607271627223968,"슈퍼위크 앞두고도 불안한 개미…""실적발표, 주가에 영향 있는 거 맞죠?"" [개미의 세계]",파이낸셜뉴스,2026-07-28,,10b90d25ae2a6716abf1dcbb755d743b57a9ab9dcceb647fde65031fe7303ccb,bodies/10b90d25ae2a6716abf1dcbb755d743b57a9ab9dcceb647fde65031fe7303ccb.txt.gz,yes,yes,yes,yes,na,
gdelt-webngrams:12968608ea5e64ef0630570bd10b7f7732cf0b705767e823097a30544cf1086d,2026-07-26T00:00:00Z,https://www.fnnews.com/news/202607311007586473,"SK하이닉스 49억 매수한 최태원, 하루 만에 12억 벌었다",파이낸셜뉴스,2026-07-31,,3548a6a65a18c4a7c0b9910bdab5cf8b253e79baea80edc8c313173606770c58,bodies/3548a6a65a18c4a7c0b9910bdab5cf8b253e79baea80edc8c313173606770c58.txt.gz,yes,yes,yes,yes,na,
gdelt-webngrams:4b537ec03493f41aea512d49738a7c86c5604158d8df0a86036defe1a0abd2c2,2026-08-10T00:00:00Z,https://inews24.com/view/1995282,'메모리 투톱' 삼성·SK하이닉스 소액주주 1143만명…반년 새 604만명↑,아이뉴스24,2026-08-15,,bae9b331ff7f681d03ed75688338578a54063742bff52f22133b0cf1059245e1,bodies/bae9b331ff7f681d03ed75688338578a54063742bff52f22133b0cf1059245e1.txt.gz,yes,yes,yes,yes,na,
gdelt-webngrams:1cef36cf7dae82c92f247ec8c6d5935b688b7e35f314df1cd1fa747240cf5187,2026-08-25T00:00:00Z,https://www.ddaily.co.kr//page/view/2026090109132060102,"외국인·기관 동반 매도…코스피 장 초반 0.9%↓, 반도체주 약세",디지털데일리,2026-09-01,,31e15dab8c85e32ca62f6ec69ec3340d7fab3edc6f68fbf0e36c159ac7a31850,bodies/31e15dab8c85e32ca62f6ec69ec3340d7fab3edc6f68fbf0e36c159ac7a31850.txt.gz,yes,yes,yes,no,na,일반 장 초반 시황이 주제이며 SK하이닉스는 등락 종목 중 하나임
gdelt-webngrams:12c470d32e5ae7ec1d7a87248a21bd9cbf89f52f1fe2a5fc62da8b7b2f31a3c9,2026-06-26T00:00:00Z,https://www.fnnews.com/news/202607101304577382,"""딱 8개 삼전하닉 레버리지가 전세계 반도체주 흔든다"" 직격한 日언론",파이낸셜뉴스,2026-07-10,,66e732076c5658f88fa8958c4db8f8fdb5b1b749a6a88ded23f8e1e500910db8,bodies/66e732076c5658f88fa8958c4db8f8fdb5b1b749a6a88ded23f8e1e500910db8.txt.gz,yes,yes,yes,yes,na,
gdelt-webngrams:53c4b88566a2189ad828f8baa595328c5ba701c42ffdc7645a236a700af78cef,2026-08-10T00:00:00Z,https://www.kmib.co.kr/article/view.asp?arcid=9000002711,"삼전닉스, 역대급 주주환원 보따리로 ‘피크아웃’ 우려 넘을까",국민일보,2026-08-13,,932ec107e8405bcd367504d7e08eb651b5ebfa392b857efab833038427c70ce7,bodies/932ec107e8405bcd367504d7e08eb651b5ebfa392b857efab833038427c70ce7.txt.gz,yes,yes,yes,yes,na,
gdelt-webngrams:0162ecbb0f154433f03e19b61ed39b8a76ebebe949f77a10d5b7cf2f84273e12,2026-07-11T00:00:00Z,https://www.fnnews.com/news/202607211721022792,삼전·닉스 1.2조 쓸어담은 기관…외인은 삼전에 집중[핫종목](종합),파이낸셜뉴스,2026-07-21,,5a6a50efa1d529cdadebaceb7f900fb35f6b05a09318f5dcba2090936e62a8cd,bodies/5a6a50efa1d529cdadebaceb7f900fb35f6b05a09318f5dcba2090936e62a8cd.txt.gz,yes,yes,yes,yes,na,
gdelt-webngrams:15bdd2cb68f5162c9256d4542036595172fa4a7b4f130962c8dbe8773dc12d8c,2026-07-26T00:00:00Z,https://biz.heraldcorp.com/article/10821553,"“오늘 2배, 내일 1.2배” 레버리지 ETF 배수가 매일 바뀐다?…‘삼전닉스 레버리지’ 첫 출시국 파격 시도[투자360]",헤럴드경제,2026-07-27,,3fe5ea8f0ea4dbfe99adf8cff9ab237e11c34d33668859e15ad7ce65446ccb30,bodies/3fe5ea8f0ea4dbfe99adf8cff9ab237e11c34d33668859e15ad7ce65446ccb30.txt.gz,yes,yes,yes,yes,na,
gdelt-webngrams:61c49808236704ae24bdef4eed3f7afb45ef91eb36d0932d0a4c1241903e0127,2026-08-10T00:00:00Z,https://www.newsway.co.kr/news/view?ud=2026082410564090229,"SK하이닉스 노조, 성과급 60% 자사주 지급안 투표 - 뉴스웨이",뉴스웨이,2026-08-24,,aabf79ae2f3240d6e07a3e39d5e79b3b7ff4506ec5515964a645ff8cc3834911,bodies/aabf79ae2f3240d6e07a3e39d5e79b3b7ff4506ec5515964a645ff8cc3834911.txt.gz,yes,yes,yes,yes,na,
gdelt-webngrams:f3160f45532456c51e87287d7c9e218d8b272c319396682d0f7436b7ccbd92d1,2026-08-10T00:00:00Z,https://ilyo.co.kr/?ac=article_view&entry_id=512291,SK그룹 ‘4중 상장 논란’에도 솔리다임 프리IPO 추진 셈법,일요신문,2026-08-14,,647928d74f8299b513dd1fd207872ddcbc1435082a10140a67a5cf515a44da77,bodies/647928d74f8299b513dd1fd207872ddcbc1435082a10140a67a5cf515a44da77.txt.gz,yes,yes,yes,yes,na,
gdelt-webngrams:7ca6aef9de54ab9fa38b5c1d0b77e2a0bede7040d57d7da23e708c0c7878ac05,2026-08-10T00:00:00Z,https://www.edaily.co.kr/News/Read?mediaCodeNo=257&newsId=04070486645549616,"SK하이닉스 ""日 반도체 공장 건설 추진, 미확정""",EDAILY,2026-08-21,,b20dd2bd00cab0ddbbce1be6f30ea71b1166d971e5615d6d5ca1b0f6284406bb,bodies/b20dd2bd00cab0ddbbce1be6f30ea71b1166d971e5615d6d5ca1b0f6284406bb.txt.gz,yes,yes,yes,yes,na,
gdelt-webngrams:8f52b193055827d5821e43af313788edbf9891a70c0278a8dad445e04b7cca6a,2026-07-26T00:00:00Z,https://www.heraldk.com/article/2026080706401848113,“왜 비쌀 때 사라 했냐” “지금 팔면 죽어요” 400만원 간다더니→100만원 위태?…‘하이닉스’ 어쩌나,헤럴드경제 미주판,2026-08-07,,b7e68d8ceab76957dfc45977ec261fdf54545680977a5c3c5092d27effd6876c,bodies/b7e68d8ceab76957dfc45977ec261fdf54545680977a5c3c5092d27effd6876c.txt.gz,yes,yes,yes,yes,na,
gdelt-webngrams:405dd71cb65f9153893374552ed8eff9f72d588cbf954b7f9fdff01664efe113,2026-06-26T00:00:00Z,https://www.fnnews.com/news/202606301213323703,"""대통령이 직접 챙긴다""…삼성·SK '호남 메가 팹', 착공 늦어진 용인과는 다를까",파이낸셜뉴스,2026-06-30,,2ca722765c5f934ede3a72b9721e4b0b844e178172162ef57bc9c17ac61e8b4d,bodies/2ca722765c5f934ede3a72b9721e4b0b844e178172162ef57bc9c17ac61e8b4d.txt.gz,yes,yes,yes,yes,na,
gdelt-webngrams:c9a26e9a2c69b00ccaace5516f3c4d1337e01c8ab45501e7342a997f1fcb8855,2026-08-10T00:00:00Z,https://biz.heraldcorp.com/article/10839592,"SK하이닉스, 27일 美 인디애나팹 착공식…2028년부터 HBM 생산",헤럴드경제,2026-08-13,,ffa6da4b157dee4724cb9c77d2447fc75ec62b7238cf7e52b65091979965cab5,bodies/ffa6da4b157dee4724cb9c77d2447fc75ec62b7238cf7e52b65091979965cab5.txt.gz,yes,yes,yes,yes,na,
gdelt-webngrams:cdbe9938acd3972236bf2177965ef1a5818997feaec6fd6d6068ef36c509b39b,2026-06-26T00:00:00Z,https://www.wikitree.co.kr/articles/1143318,SK하이닉스 직원들이 지난 1~3월 성과급으로만 받는 액수가 무려...,위키트리,2026-06-26,,5399eb324e1a8798d3c8fa2548ed9fc776b8ad7deaae9372957c9b6e8c2f6401,bodies/5399eb324e1a8798d3c8fa2548ed9fc776b8ad7deaae9372957c9b6e8c2f6401.txt.gz,yes,yes,yes,yes,na,
gdelt-webngrams:7ea5dcb905008ca538709b12f35be5024054cca4b18ccca795802091ae0a6a8b,2026-08-10T00:00:00Z,https://biz.heraldcorp.com/article/10848292,"SK하이닉스 성과급 주식 지급안, 다음주 全 조합원 투표로 결정…주총 변수 영향 촉각 [비즈360]",헤럴드경제,2026-08-21,,0285042c2b5fd36ff5d03be14c42c42d287c071c99e0f310484783fd560ad548,bodies/0285042c2b5fd36ff5d03be14c42c42d287c071c99e0f310484783fd560ad548.txt.gz,yes,yes,yes,yes,na,
gdelt-webngrams:eeadd195bd78c6148f909d786dcd83fa5af03d625af07eee318a2336908e8172,2026-07-26T00:00:00Z,https://biz.heraldcorp.com/article/10826895,"16% 급등한 코스피, 단숨에 6500선 ‘탈환’…오늘부터 현금 3000만원 있어야 단일종목 레버리지 산다 [투자360]",헤럴드경제,2026-07-31,,55d766b859e9f976a33bec44e180beab89125cf3b7c06222f33c2abaca5baedd,bodies/55d766b859e9f976a33bec44e180beab89125cf3b7c06222f33c2abaca5baedd.txt.gz,yes,yes,yes,yes,na,
gdelt-webngrams:5a23ef27b20cdb3ccaf72baadf7bb0d1ca17674d7bc9061d66f146e88d8261b3,2026-06-26T00:00:00Z,https://m.metroseoul.co.kr/article/20260629500030,"이재명 대통령, '대한민국 대도약 3대 메가프로젝트 국민보고회' 주재… 삼전·하이닉스 등 대규모 투자 공개",메트로신문,2026-06-29,,79f5fde1e43b7ff40442dbc2b4227e8d2f9d71d761c095acdcfea98343ad0ec0,bodies/79f5fde1e43b7ff40442dbc2b4227e8d2f9d71d761c095acdcfea98343ad0ec0.txt.gz,yes,yes,yes,yes,na,
gdelt-webngrams:bfa2c26c26dacd6dbfe2e955965f84cc43c45a99c03fc6742811c2e0877af5ed,2026-08-25T00:00:00Z,https://www.ddaily.co.kr//page/view/2026082511532277352,"""GPU 지능 결정은 메모리""…SK하이닉스, 3D 적층·CXL 풀링 승부수",디지털데일리,2026-08-25,,146243ca455cfb15879ca52a0a370b3df203f3f95f4e29b4eef5516991352dde,bodies/146243ca455cfb15879ca52a0a370b3df203f3f95f4e29b4eef5516991352dde.txt.gz,yes,yes,yes,yes,na,
gdelt-webngrams:58756c5078e49f95f6e8775592ab4f316617899e2ca39c1e247d6fa74dc84b92,2026-07-11T00:00:00Z,https://www.newsway.co.kr/news/view?ud=2026071611004633903,삼전·닉스 급락에 레버리지 '와르르'···인버스만 웃었다 - 뉴스웨이,뉴스웨이,2026-07-16,,d5dd428adec70ea4fe1a7bf1b30dfa0a5448ca06f4970b35ca3d80f2d75993fe,bodies/d5dd428adec70ea4fe1a7bf1b30dfa0a5448ca06f4970b35ca3d80f2d75993fe.txt.gz,yes,yes,yes,yes,na,
gdelt-webngrams:a05aea18676c9e448d0e2e168b87bfa025b8822b4e89e78dd1fd4496f1cd96bb,2026-06-26T00:00:00Z,https://www.etoday.co.kr/news/view/2600420,"[오늘의 투자전략] '반도체' 주도주 불안감 선반영…밸류에이션 바닥 찍은 코스피, 안도감 유입 기대",ETODAY,2026-07-06,,22e4164a7540cce833d5534fa6abf7a748cb11db7bd38cd406f4857f6447a18c,bodies/22e4164a7540cce833d5534fa6abf7a748cb11db7bd38cd406f4857f6447a18c.txt.gz,yes,yes,yes,yes,na,
gdelt-webngrams:57d327a07f5eb11f24a931230031c1c46c4815c80f97cde981494e7c12c32bf3,2026-07-11T00:00:00Z,https://www.insight.co.kr/news/563190,"블룸버그 “한국 주식시장, 레버리지에 좌우되는 ‘실험장’으로 전락했다”",인사이트,2026-07-15,,bd2996e5713cddab246eeffd3b245f0a045b104c6d8e1927fb09a31644cbc904,bodies/bd2996e5713cddab246eeffd3b245f0a045b104c6d8e1927fb09a31644cbc904.txt.gz,yes,yes,yes,yes,na,
gdelt-webngrams:ad65b7dae82a8488ba4998ea0263fab9f00ae45f2f13c0ba12e6f7cf69420c71,2026-06-26T00:00:00Z,https://inews24.com/view/1980425,"[메가프로젝트] 건설업계, '하이테크 300조 대전' 막 올랐다",아이뉴스24,2026-06-29,,000e70e74a88df41f09a071ebe0ca45c8792b8511c37d44ae472c69c72c4cb1d,bodies/000e70e74a88df41f09a071ebe0ca45c8792b8511c37d44ae472c69c72c4cb1d.txt.gz,yes,yes,yes,yes,na,
gdelt-webngrams:e3532f5ecae614a063bcdea6729e46868924e3d21b3aaee51391f30c06187971,2026-08-25T00:00:00Z,https://www.fnnews.com/news/202608270846122452,"엔비디아 '깜짝 실적'에 반도체 훈풍…전문가들 ""투자심리 호전""",파이낸셜뉴스,2026-08-27,,4eab31721fdcddb6166b1de9bf356ebc464ef7fcca74cd1c73fe6afdacf37a6f,bodies/4eab31721fdcddb6166b1de9bf356ebc464ef7fcca74cd1c73fe6afdacf37a6f.txt.gz,yes,yes,yes,yes,na,
gdelt-webngrams:9c1cc45e6a3403987e9868babc903f9d8b4906c11b3792075003469586d71fba,2026-07-26T00:00:00Z,https://www.pressian.com/pages/articles/2026073011152034442,"반도체 역대급 영업이익에 참여연대 ""법인세율 27% 구간 신설해야""",pressian.com,2026-07-30,,60d35fa1c7dbe0ae9ecdd0e192269dc67b650195a334763d3daeed89e3ff7363,bodies/60d35fa1c7dbe0ae9ecdd0e192269dc67b650195a334763d3daeed89e3ff7363.txt.gz,yes,yes,yes,yes,na,
gdelt-webngrams:bdfbed6b1abdad24705b20e30582b55926f4456857a3da3904ee78070047b148,2026-06-26T00:00:00Z,https://www.etoday.co.kr/news/view/2601938,SK하이닉스 ADR 흥행…41조 조달 넘어 본주 재평가 시험대,ETODAY,2026-07-10,,a58ac39728bdd6818d72c3d0818ce93faf652e63733d7fe1804fe371c19c6e60,bodies/a58ac39728bdd6818d72c3d0818ce93faf652e63733d7fe1804fe371c19c6e60.txt.gz,yes,yes,yes,yes,na,
gdelt-webngrams:33c8664888e3781391dba9df734009390d188ab50836685f586db72c9ef1a656,2026-06-26T00:00:00Z,https://inews24.com/view/1983945,"흥국운용, SK하이닉스에 주주서한 …""호남팹 발표, 이사회 먼저 거쳤어야""",아이뉴스24,2026-07-09,,104e0dfe9a469d70947da9313acb0b62e7f15deabbcab07451c83f5113e81aef,bodies/104e0dfe9a469d70947da9313acb0b62e7f15deabbcab07451c83f5113e81aef.txt.gz,yes,yes,yes,yes,na,
gdelt-webngrams:004c5c6764fa5a7cf2efb548c5032f5a501d67699d5c67517f090fe431d65db8,2026-07-11T00:00:00Z,https://biz.heraldcorp.com/article/10805467,나스닥 사장도 “SK하이닉스 대박”…해외기업 美상장 물꼬 트나,헤럴드경제,2026-07-11,,b901dfd13375575620da745a4ac9f31e4f84cb7ef679e5b9142a3a334bfc2287,bodies/b901dfd13375575620da745a4ac9f31e4f84cb7ef679e5b9142a3a334bfc2287.txt.gz,yes,yes,yes,yes,na,
gdelt-webngrams:65deb1335283a1e7fab0601cefc8f3d9e25ed3ed2a812dcb575e9c9c51bc6dc6,2026-06-26T00:00:00Z,https://biz.heraldcorp.com/article/10794622,‘보고도 못 믿겠다’ 레버리지 ETF에 무려 ‘84조’…KODEX200 제치고 압도적 1위 [투자360],헤럴드경제,2026-07-01,,2b239e0be09a45721c8f1ec88e15ac0f6e56d63df3525f6ce1e9f50b9aba8d5c,bodies/2b239e0be09a45721c8f1ec88e15ac0f6e56d63df3525f6ce1e9f50b9aba8d5c.txt.gz,yes,yes,yes,yes,na,
gdelt-webngrams:93c99a581785e34c219f85edd902f642957e28dc44d706d9672fb7334bda24a3,2026-06-26T00:00:00Z,https://www.kmib.co.kr/article/view.asp?arcid=0030036393,[영상] 이미 상장됐는데 또 상장? SK하이닉스의 승부수,국민일보,2026-06-29,,ec602d923c85e194c91d418ced22be083b5d19e7d6f389693210fb148901777d,bodies/ec602d923c85e194c91d418ced22be083b5d19e7d6f389693210fb148901777d.txt.gz,yes,yes,yes,yes,na,
gdelt-webngrams:0c828cc97d739361fb226ff0fbc0be46b38fad945971b0fdcc3125d5b1dfc978,2026-06-26T00:00:00Z,https://www.fnnews.com/news/202607100102523060,"삼전·하닉 독주 풀리나…""하반기 순환매 가능성""",파이낸셜뉴스,2026-07-10,,70b6469bfc3bca5161958fb086f98c280c7aa289d791aeaa02b216417f1de1dd,bodies/70b6469bfc3bca5161958fb086f98c280c7aa289d791aeaa02b216417f1de1dd.txt.gz,yes,yes,yes,yes,na,
gdelt-webngrams:007dc14fefff5f3436febda337f102caf0d377fefdc85b4d82473ac2a4ba8da7,2026-08-25T00:00:00Z,https://www.fnnews.com/news/202609041623001340,"""삼성전자 67만원·SK하이닉스 470만원""…노무라, 메모리 수요 강세 평가",파이낸셜뉴스,2026-09-05,,df32f8868639e882c5d7576658d24e93b4718d33d9de1b8908439b378d5ba53e,bodies/df32f8868639e882c5d7576658d24e93b4718d33d9de1b8908439b378d5ba53e.txt.gz,yes,yes,yes,yes,na,
gdelt-webngrams:a7f6804d9ca4b9462d4816c1b964130ad47e561b642316b5bbd3a79ea45fa71a,2026-07-26T00:00:00Z,https://inews24.com/view/1989248,"CXMT, 중국 최대 반도체 IPO 흥행…본토 시총 1위 등극(종합)",아이뉴스24,2026-07-27,,f8fa58944fa923457c7f9fe06f9b56798018efdd203a14f8844a6e438dce456c,bodies/f8fa58944fa923457c7f9fe06f9b56798018efdd203a14f8844a6e438dce456c.txt.gz,yes,yes,yes,yes,na,
gdelt-webngrams:80f9cd4a023c97961dbb852a1e2e7104b98c009145b7bd38ddad154d08691a95,2026-07-11T00:00:00Z,https://www.fnnews.com/news/202607231533246051,"구글·테슬라, 투자 확대 K반도체 '훈풍'…삼성 비메모리 반등 신호탄",파이낸셜뉴스,2026-07-23,,6ce481ad824f385445f311987f8890ebd65109dfa291bd326f2e3f814998a85e,bodies/6ce481ad824f385445f311987f8890ebd65109dfa291bd326f2e3f814998a85e.txt.gz,yes,yes,yes,yes,na,
gdelt-webngrams:fbc1319eb29b06f598508e9883371c8a1233e18cd107a99c199365d78c2513e8,2026-07-11T00:00:00Z,https://inews24.com/view/1987813,"정부 ""SK하이닉스 美 오하이오 공장 투자 협의한 적 없어""",아이뉴스24,2026-07-22,intel,84f8e5d9074ae800d7e19e5f334633987043cc3b405858a7520b72793eeffe03,bodies/84f8e5d9074ae800d7e19e5f334633987043cc3b405858a7520b72793eeffe03.txt.gz,yes,yes,yes,yes,yes,
gdelt-webngrams:71d088471a331bc694674142423f79a223559579d8ffee677686fc0701130b78,2026-06-11T00:00:00Z,https://www.ddaily.co.kr//page/view/2026061516562643109,8500선 되찾은 코스피…외국인 1조원 ‘쓸어담기’에 반도체株 질주,디지털데일리,2026-06-15,,4a7898e03b6d225cfcc3b89134aa987d0e52bd210ba868bcbd2cb6881f62f0ee,bodies/4a7898e03b6d225cfcc3b89134aa987d0e52bd210ba868bcbd2cb6881f62f0ee.txt.gz,yes,yes,yes,no,na,일반 증시 시황이 주제이며 SK하이닉스는 지수 상승 종목 중 하나임
gdelt-webngrams:561d448cfb6c48440e84e75e347e80ed5c98c02c83e12ebe4dd2e783c2ae5fe0,2026-06-11T00:00:00Z,https://www.fnnews.com/news/202606191235355902,'1만피' 향하는 코스피…국내 증시 시총 8000조원 돌파,파이낸셜뉴스,2026-06-19,,c627fefc269e6ac52eb12a27ff9e633cfa743aa47b4b44544f0443a9e0374420,bodies/c627fefc269e6ac52eb12a27ff9e633cfa743aa47b4b44544f0443a9e0374420.txt.gz,yes,yes,yes,yes,na,
gdelt-webngrams:55ad97ea9d07d406672199d3a4b293708faee56317aa3f62abec60cef1022b35,2026-08-25T00:00:00Z,https://ichannela.com/news/detail/000000548734.do,"미국이 SK하이닉스를 잡았다…5조 5000억 HBM 공장 가보니 [특파원 토크, 특톡]",채널A,2026-09-06,samsung,0615481f391d0ca28580cb52d91dbf4edaa52567e3ba68dc2dbda7a2ffd5b91e,bodies/0615481f391d0ca28580cb52d91dbf4edaa52567e3ba68dc2dbda7a2ffd5b91e.txt.gz,yes,yes,yes,yes,yes,
gdelt-webngrams:d40d3dc777af8cb48891c96599446bc375aff28e7a577bfa3ceb6736ea192d3f,2026-06-11T00:00:00Z,https://inews24.com/view/1976084,SK하이닉스 청주사업장서 화재·화학물질 사고 잇따라,아이뉴스24,2026-06-12,,b9f2e1bb6e691040118b0aa51b6f948d824588679ea2a82153d2545a3a32a328,bodies/b9f2e1bb6e691040118b0aa51b6f948d824588679ea2a82153d2545a3a32a328.txt.gz,yes,yes,yes,yes,na,
gdelt-webngrams:063097e6d70d8afdb5a627007e0932a91b7e8e832c3c920b567590b57615b2c8,2026-06-11T00:00:00Z,https://www.edaily.co.kr/News/Read?mediaCodeNo=257&newsId=02279606645484016,"삼성·SK, 美 최대 AI 인프라 서밋 출격…차세대 메모리 전략 공개",EDAILY,2026-06-21,nvidia,3ff20b0e791271c58e73be6d475fe2c2f47c768b5d5da90a9c2d1e134ee38f62,bodies/3ff20b0e791271c58e73be6d475fe2c2f47c768b5d5da90a9c2d1e134ee38f62.txt.gz,yes,yes,yes,yes,yes,
gdelt-webngrams:305acb5c139350943d1cf66576226f3c152fb378b45a8626b78b088cba36c0d4,2026-06-11T00:00:00Z,https://www.edaily.co.kr/News/Read?mediaCodeNo=257&newsId=02522326645485000,"""팔 줄 몰라""...'SK하이닉스 100배 수익' 김문수, 알고 보니",EDAILY,2026-06-24,,ef57dd143c116944bc86015da8a7a6740f8b63f1d4f252892a2fe017d28fee06,bodies/ef57dd143c116944bc86015da8a7a6740f8b63f1d4f252892a2fe017d28fee06.txt.gz,yes,yes,yes,yes,na,
gdelt-webngrams:d5e2733024ba6302310849501350b5b28c76e76fbeff3bc86de21b925e52fc7f,2026-07-26T00:00:00Z,https://busanhaps.com/economy/kospi-record-rebound-1791-percent-sk-hynix-samsung-july-2026/,코스피 사상 최대 17.91% 폭등…SK하이닉스·삼성전자 이끈 역사적 반등,부산합스,2026-08-03,samsung,d00f8029c67fd486194ac35bf32c5cb984897d1615526ba60281c6e6c0164449,bodies/d00f8029c67fd486194ac35bf32c5cb984897d1615526ba60281c6e6c0164449.txt.gz,yes,yes,yes,yes,yes,
gdelt-webngrams:94777f1b2533f7d78cd2b1a140ecfe378bfeed758f26207ea66db95a97c56c0e,2026-06-11T00:00:00Z,https://m.metroseoul.co.kr/article/20260616500389,"삼성·SK, HBM4E 경쟁 본격화...차세대 AI 메모리 주도권 '격돌'",메트로신문,2026-06-16,nvidia,28e2a118b75866b12a677083cf8f3e65b4bdeafdabef36af86143ce10d66ee35,bodies/28e2a118b75866b12a677083cf8f3e65b4bdeafdabef36af86143ce10d66ee35.txt.gz,yes,yes,yes,yes,yes,
gdelt-webngrams:d2ece8e33835c0fa772e89f65d5fb032276d127e627171278a192266e36c5fb8,2026-06-11T00:00:00Z,https://biz.heraldcorp.com/article/10788209,호남이면 일단 ‘30%’…적자 기업인데 8차례 상한가?…이젠 ‘호남 테마주’까지 [투자360],헤럴드경제,2026-06-25,samsung,9aba6945e3cb344176024f6ecdf24682d8cd222af5e0ab38062579d5476718a2,bodies/9aba6945e3cb344176024f6ecdf24682d8cd222af5e0ab38062579d5476718a2.txt.gz,yes,yes,yes,yes,yes,
gdelt-webngrams:60b02eafb313d53a29b664c560d2a812a10858b09cc4db667d818619d0e403ac,2026-06-11T00:00:00Z,https://metroseoul.co.kr/article/20260620500001,"인텔, 이석희 전 SK하이닉스 사장 영입…K-반도체 위상 '껑충'",메트로신문,2026-06-20,intel,f03065610057dcf6c87ec5c6082508b5e083bc1af18736e91528dabd9978e931,bodies/f03065610057dcf6c87ec5c6082508b5e083bc1af18736e91528dabd9978e931.txt.gz,yes,yes,yes,yes,yes,
gdelt-webngrams:34a1e6164a3e760b6fdda9fe6bdb455a6d9ec68c365544bedd1f02806a4eaea4,2026-06-11T00:00:00Z,https://www.edaily.co.kr/News/Read?mediaCodeNo=257&newsId=05444806645482376,"SK하이닉스 “100조 주주환원, 구체 검토한 바 없어”",EDAILY,2026-06-16,,2b954e0e034d725b7b13261b3b5ba7833976c2d1e55166d18bbe41cf7e191678,bodies/2b954e0e034d725b7b13261b3b5ba7833976c2d1e55166d18bbe41cf7e191678.txt.gz,yes,yes,yes,yes,na,
